Date,HomeTeam,AwayTeam,1,X,2,Result
2022-01-02,Brentford,Aston Villa,3.0,3.3,2.4,1
2022-01-02,Leeds,Burnley,2.05,3.5,3.5,1
2022-01-02,Chelsea,Liverpool,3.1,3.5,2.25,X
2022-01-02,Everton,Brighton,2.75,3.2,2.62,2
2022-01-03,Man United,Wolves,1.53,4.33,6.0,2
2022-01-11,Southampton,Brentford,2.05,3.4,3.6,1
2022-01-12,West Ham,Norwich,1.28,5.5,10.0,1
2022-01-14,Brighton,Crystal Palace,2.05,3.3,3.8,X
2022-01-15,Man City,Chelsea,1.65,4.0,5.0,1
2022-01-15,Newcastle,Watford,2.0,3.6,3.6,X
2022-01-15,Norwich,Everton,3.75,3.5,2.0,1
2022-01-15,Wolves,Southampton,2.25,3.2,3.4,1
2022-01-15,Aston Villa,Man United,2.87,3.5,2.4,X
2022-01-16,West Ham,Leeds,1.61,4.2,5.0,2
2022-01-16,Liverpool,Brentford,1.3,5.5,10.0,1
2022-01-18,Brighton,Chelsea,4.75,3.75,1.72,X
2022-01-19,Brentford,Man United,4.5,3.7,1.8,2
2022-01-19,Leicester,Tottenham,3.0,3.5,2.3,2
2022-01-21,Watford,Norwich,2.0,3.5,3.75,2
2022-01-22,Everton,Aston Villa,2.75,3.25,2.62,2
2022-01-22,Brentford,Wolves,3.2,2.8,2.6,2
2022-01-22,Leeds,Newcastle,2.0,3.5,3.75,2
2022-01-22,Man United,West Ham,1.85,3.8,4.0,1
2022-01-22,Southampton,Man City,10.0,6.5,1.25,X
2022-01-23,Crystal Palace,Liverpool,6.0,4.2,1.53,2
2022-01-23,Leicester,Brighton,2.5,3.25,2.9,X
2022-01-23,Chelsea,Tottenham,1.61,4.2,5.0,1
2022-01-23,Arsenal,Burnley,1.36,4.75,9.0,X
2022-02-05,Burnley,Watford,2.2,3.25,3.5,X
2022-02-08,Newcastle,Everton,2.5,3.25,2.87,1
2022-02-08,West Ham,Watford,1.55,4.2,5.75,1
2022-02-08,Burnley,Man United,5.5,4.0,1.61,X
2022-02-09,Man City,Brentford,1.1,9.5,23.0,1
2022-02-09,Norwich,Crystal Palace,3.5,3.25,2.15,X
2022-02-09,Tottenham,Southampton,1.6,4.0,5.5,2
2022-02-09,Aston Villa,Leeds,1.8,3.8,4.2,X
2022-02-10,Wolves,Arsenal,3.5,3.2,2.2,2
2022-02-10,Liverpool,Leicester,1.25,6.5,10.0,1
2022-02-12,Norwich,Man City,15.0,8.0,1.16,2
2022-02-12,Watford,Brighton,3.5,3.3,2.05,2
2022-02-12,Man United,Southampton,1.6,4.0,5.5,X
2022-02-12,Brentford,Crystal Palace,2.55,3.1,3.0,X
2022-02-12,Everton,Leeds,2.25,3.5,3.0,1
2022-02-13,Leicester,West Ham,2.9,3.5,2.3,X
2022-02-13,Newcastle,Aston Villa,2.7,3.3,2.62,1
2022-02-13,Tottenham,Wolves,1.7,3.6,5.5,2
2022-02-13,Burnley,Liverpool,10.0,5.25,1.28,2
2022-02-15,Man United,Brighton,1.72,3.75,4.75,1
2022-02-19,Liverpool,Norwich,1.1,9.0,23.0,1
2022-02-19,Man City,Tottenham,1.28,6.0,10.0,2
2022-02-19,Crystal Palace,Chelsea,5.5,3.8,1.65,2
2022-02-19,Arsenal,Brentford,1.44,4.2,8.0,1
2022-02-19,Aston Villa,Watford,1.65,3.6,5.75,2
2022-02-19,West Ham,Newcastle,1.7,4.0,4.75,X
2022-02-19,Brighton,Burnley,1.66,3.5,6.0,2
2022-02-19,Southampton,Everton,2.1,3.5,3.5,1
2022-02-20,Leeds,Man United,3.9,3.8,1.85,2
2022-02-20,Wolves,Leicester,2.25,3.3,3.25,1
2022-02-23,Burnley,Tottenham,4.6,3.8,1.75,1
2022-02-23,Watford,Crystal Palace,3.1,3.3,2.3,2
2022-02-23,Liverpool,Leeds,1.16,8.0,15.0,1
2022-02-24,Arsenal,Wolves,1.65,3.8,5.5,1
2022-02-25,Southampton,Norwich,1.53,4.33,6.0,1
2022-02-26,Brighton,Aston Villa,2.2,3.3,3.5,2
2022-02-26,Man United,Watford,1.3,5.5,9.5,X
2022-02-26,Brentford,Newcastle,2.5,3.2,3.0,2
2022-02-26,Crystal Palace,Burnley,1.9,3.6,4.0,X
2022-02-26,Leeds,Tottenham,4.2,3.6,1.85,2
2022-02-26,Everton,Man City,10.0,5.75,1.28,2
2022-02-27,West Ham,Wolves,2.05,3.3,3.8,1
2022-03-01,Burnley,Leicester,2.9,3.4,2.4,2
2022-03-05,Liverpool,West Ham,1.28,5.75,9.5,1
2022-03-05,Norwich,Brentford,2.9,3.1,2.5,2
2022-03-05,Wolves,Crystal Palace,2.3,3.1,3.4,2
2022-03-05,Newcastle,Brighton,2.75,3.2,2.62,1
2022-03-05,Aston Villa,Southampton,2.3,3.5,3.0,1
2022-03-05,Leicester,Leeds,1.75,4.0,4.2,1
2022-03-05,Burnley,Chelsea,6.5,4.33,1.5,2
2022-03-06,Watford,Arsenal,6.0,4.0,1.57,2
2022-03-06,Man City,Man United,1.4,4.75,7.5,1
2022-03-07,Tottenham,Everton,1.57,3.8,5.75,1
2022-03-10,Southampton,Newcastle,2.0,3.75,3.5,2
2022-03-10,Wolves,Watford,1.75,3.6,4.5,1
2022-03-10,Leeds,Aston Villa,2.7,3.5,2.5,2
2022-03-10,Norwich,Chelsea,11.0,4.75,1.3,2
2022-03-12,Man United,Tottenham,2.2,3.4,3.25,1
2022-03-12,Brighton,Liverpool,6.0,4.33,1.5,2
2022-03-12,Brentford,Burnley,2.15,3.2,3.6,1
2022-03-13,Arsenal,Leicester,1.5,4.5,6.0,1
2022-03-13,West Ham,Aston Villa,2.25,3.3,3.3,1
2022-03-13,Southampton,Watford,1.6,4.2,5.25,2
2022-03-13,Everton,Wolves,2.3,3.2,3.3,2
2022-03-13,Chelsea,Newcastle,1.3,5.25,11.0,1
2022-03-13,Leeds,Norwich,1.55,4.2,5.75,1
2022-03-14,Crystal Palace,Man City,10.0,5.0,1.33,X
2022-03-16,Brighton,Tottenham,3.3,3.3,2.25,2
2022-03-16,Arsenal,Liverpool,3.5,4.0,1.9,2
2022-03-17,Everton,Newcastle,2.4,3.25,3.1,1
2022-03-18,Wolves,Leeds,2.1,3.5,3.4,2
2022-03-19,Aston Villa,Arsenal,3.0,3.3,2.4,2
2022-03-20,Leicester,Brentford,2.15,3.4,3.4,1
2022-03-20,Tottenham,West Ham,1.72,3.8,4.75,1
2022-04-02,Wolves,Aston Villa,3.0,3.1,2.55,1
2022-04-02,Leeds,Southampton,2.37,3.75,2.75,X
2022-04-02,Chelsea,Brentford,1.33,5.0,10.0,2
2022-04-02,Man United,Leicester,1.5,4.5,6.0,X
2022-04-02,Brighton,Norwich,1.5,4.0,7.0,X
2022-04-02,Liverpool,Watford,1.12,9.5,17.0,1
2022-04-02,Burnley,Man City,15.0,6.5,1.2,2
2022-04-03,West Ham,Everton,1.75,3.8,4.5,1
2022-04-03,Tottenham,Newcastle,1.5,4.33,6.5,1
2022-04-04,Crystal Palace,Arsenal,4.0,3.4,1.95,1
2022-04-06,Burnley,Everton,2.62,3.1,2.87,1
2022-04-08,Newcastle,Wolves,2.25,3.1,3.4,1
2022-04-09,Aston Villa,Tottenham,3.2,3.4,2.25,2
2022-04-09,Everton,Man United,4.6,3.75,1.75,1
2022-04-09,Arsenal,Brighton,1.61,3.8,5.75,2
2022-04-09,Southampton,Chelsea,3.8,3.6,1.95,2
2022-04-09,Watford,Leeds,2.7,3.4,2.55,2
2022-04-10,Leicester,Crystal Palace,2.37,3.3,2.9,1
2022-04-10,Norwich,Burnley,2.87,3.2,2.55,1
2022-04-10,Brentford,West Ham,2.62,3.3,2.62,1
2022-04-10,Man City,Liverpool,2.0,3.75,3.5,X
2022-04-16,Tottenham,Brighton,1.53,4.0,6.5,2
2022-04-16,Man United,Norwich,1.25,6.5,10.0,1
2022-04-16,Southampton,Arsenal,3.8,3.6,1.95,1
2022-04-16,Watford,Brentford,2.7,3.3,2.55,2
2022-04-17,Newcastle,Leicester,2.2,3.4,3.3,1
2022-04-17,West Ham,Burnley,1.7,3.8,5.0,X
2022-04-19,Liverpool,Man United,1.4,5.0,7.0,1
2022-04-20,Newcastle,Crystal Palace,2.25,3.4,3.25,1
2022-04-20,Man City,Brighton,1.16,7.0,17.0,1
2022-04-20,Chelsea,Arsenal,1.83,3.6,4.33,2
2022-04-20,Everton,Leicester,2.25,3.4,3.25,X
2022-04-21,Burnley,Southampton,2.75,3.25,2.62,1
2022-04-23,Norwich,Newcastle,3.5,3.3,2.15,2
2022-04-23,Man City,Watford,1.1,10.0,26.0,1
2022-04-23,Leicester,Aston Villa,2.8,3.4,2.5,X
2022-04-23,Brentford,Tottenham,4.33,3.5,1.85,X
2022-04-23,Arsenal,Man United,2.05,3.5,3.5,1
2022-04-24,Burnley,Wolves,2.7,3.0,2.87,1
2022-04-24,Chelsea,West Ham,1.5,4.33,6.5,1
2022-04-24,Liverpool,Everton,1.18,7.0,15.0,1
2022-04-24,Brighton,Southampton,2.1,3.4,3.6,X
2022-04-25,Crystal Palace,Leeds,2.05,3.5,3.5,X
2022-04-28,Man United,Chelsea,3.2,3.4,2.25,X
2022-04-30,Newcastle,Liverpool,8.5,5.0,1.36,2
2022-04-30,Aston Villa,Norwich,1.4,4.5,9.0,1
2022-04-30,Watford,Burnley,2.6,3.3,2.75,2
2022-04-30,Wolves,Brighton,2.7,3.2,2.75,2
2022-04-30,Leeds,Man City,8.5,6.0,1.3,2
2022-04-30,Southampton,Crystal Palace,2.4,3.3,3.1,2
2022-05-01,Everton,Chelsea,5.0,3.6,1.75,1
2022-05-01,Tottenham,Leicester,1.44,4.75,7.0,1
2022-05-01,West Ham,Arsenal,4.33,3.8,1.8,2
2022-05-02,Man United,Brentford,1.72,4.0,4.5,1
2022-05-07,Burnley,Aston Villa,3.0,3.3,2.4,2
2022-05-07,Chelsea,Wolves,1.33,5.0,9.5,X
2022-05-07,Crystal Palace,Watford,1.65,4.0,5.0,1
2022-05-07,Brighton,Man United,2.8,3.5,2.45,1
2022-05-07,Liverpool,Tottenham,1.4,5.0,7.0,X
2022-05-07,Brentford,Southampton,2.15,3.5,3.3,1
2022-05-08,Arsenal,Leeds,1.45,4.5,7.0,1
2022-05-08,Leicester,Everton,2.6,3.3,2.75,2
2022-05-08,Norwich,West Ham,4.5,3.8,1.75,2
2022-05-08,Man City,Newcastle,1.16,7.0,17.0,1
2022-05-10,Aston Villa,Liverpool,7.5,4.75,1.4,2
2022-05-11,Wolves,Man City,11.0,6.0,1.25,2
2022-05-11,Watford,Everton,4.2,3.6,1.83,X
2022-05-11,Leeds,Chelsea,4.75,4.2,1.65,2
2022-05-11,Leicester,Norwich,1.44,4.75,7.0,1
2022-05-12,Tottenham,Arsenal,2.05,3.75,3.5,1
2022-05-15,Wolves,Norwich,1.45,4.75,6.5,X
2022-05-15,Watford,Leicester,3.8,3.5,1.95,2
2022-05-15,West Ham,Man City,7.5,5.0,1.4,X
2022-05-15,Aston Villa,Crystal Palace,2.0,3.5,3.75,X
2022-05-15,Tottenham,Burnley,1.33,5.25,9.0,1
2022-05-15,Everton,Brentford,2.05,3.6,3.5,2
2022-05-15,Leeds,Brighton,2.62,3.5,2.62,X
2022-05-16,Newcastle,Arsenal,4.33,3.6,1.83,1
2022-05-17,Southampton,Liverpool,7.5,5.5,1.33,2
2022-05-19,Chelsea,Leicester,1.4,4.75,8.0,X
2022-05-19,Everton,Crystal Palace,1.9,3.4,4.33,1
2022-05-19,Aston Villa,Burnley,2.05,3.5,3.6,X
2022-05-22,Burnley,Newcastle,2.25,3.4,3.2,2
2022-05-22,Arsenal,Everton,1.36,4.75,9.0,1
2022-05-22,Brentford,Leeds,2.45,3.8,2.62,2
2022-05-22,Brighton,West Ham,2.37,3.5,2.9,1
2022-05-22,Liverpool,Wolves,1.14,8.5,15.0,1
2022-05-22,Chelsea,Watford,1.18,7.5,15.0,1
2022-05-22,Leicester,Southampton,1.85,4.0,3.8,1
2022-05-22,Crystal Palace,Man United,3.0,3.6,2.25,1
2022-05-22,Man City,Aston Villa,1.16,8.0,17.0,1
2022-05-22,Norwich,Tottenham,9.5,6.5,1.25,2
2022-08-05,Crystal Palace,Arsenal,4.2,3.6,1.85,2
2022-08-06,Fulham,Liverpool,11.0,6.0,1.25,X
2022-08-06,Bournemouth,Aston Villa,3.75,3.5,2.0,1
2022-08-06,Leeds,Wolves,2.25,3.4,3.2,1
2022-08-06,Newcastle,Nott'm Forest,1.66,3.8,5.25,1
2022-08-06,Tottenham,Southampton,1.33,5.5,8.5,1
2022-08-06,Everton,Chelsea,5.5,4.0,1.61,2
2022-08-07,Leicester,Brentford,2.0,3.75,3.5,X
2022-08-07,Man United,Brighton,1.6,4.2,5.25,2
2022-08-07,West Ham,Man City,8.0,5.0,1.36,2
2022-08-13,Aston Villa,Everton,1.8,3.5,4.75,1
2022-08-13,Man City,Bournemouth,1.06,13.0,29.0,1
2022-08-13,Arsenal,Leicester,1.53,4.33,5.75,1
2022-08-13,Brighton,Newcastle,2.45,3.2,3.0,X
2022-08-13,Wolves,Fulham,2.3,3.3,3.2,X
2022-08-13,Brentford,Man United,3.75,3.5,2.0,1
2022-08-13,Southampton,Leeds,2.25,3.5,3.1,X
2022-08-14,Nott'm Forest,West Ham,4.2,3.6,1.85,1
2022-08-14,Chelsea,Tottenham,2.25,3.4,3.2,X
2022-08-15,Liverpool,Crystal Palace,1.18,6.75,16.0,X
2022-08-20,Leicester,Southampton,1.83,4.0,4.0,2
2022-08-20,Bournemouth,Arsenal,8.0,4.75,1.4,2
2022-08-20,Fulham,Brentford,2.45,3.4,2.9,1
2022-08-20,Everton,Nott'm Forest,1.9,3.6,4.0,X
2022-08-20,Crystal Palace,Aston Villa,2.5,3.25,2.9,1
2022-08-20,Tottenham,Wolves,1.4,4.75,7.5,1
2022-08-21,West Ham,Brighton,2.3,3.4,3.1,2
2022-08-21,Leeds,Chelsea,5.75,4.5,1.53,1
2022-08-21,Newcastle,Man City,7.5,5.0,1.36,X
2022-08-22,Man United,Liverpool,5.25,4.33,1.6,1
2022-08-27,Brighton,Leeds,1.9,3.8,3.8,1
2022-08-27,Southampton,Man United,4.2,4.0,1.8,2
2022-08-27,Liverpool,Bournemouth,1.1,10.0,26.0,1
2022-08-27,Brentford,Everton,2.0,3.5,3.75,X
2022-08-27,Man City,Crystal Palace,1.18,7.5,13.0,1
2022-08-27,Chelsea,Leicester,1.4,5.0,7.0,1
2022-08-27,Arsenal,Fulham,1.3,5.75,9.0,1
2022-08-28,Aston Villa,West Ham,2.3,3.4,3.1,2
2022-08-28,Wolves,Newcastle,2.7,3.3,2.7,X
2022-08-28,Nott'm Forest,Tottenham,7.0,4.6,1.44,2
2022-08-30,Leeds,Everton,2.15,3.5,3.3,X
2022-08-30,Fulham,Brighton,3.1,3.3,2.3,1
2022-08-30,Southampton,Chelsea,5.25,4.0,1.61,1
2022-08-30,Crystal Palace,Brentford,2.05,3.4,3.6,X
2022-08-31,Liverpool,Newcastle,1.33,5.25,9.0,1
2022-08-31,West Ham,Tottenham,3.6,3.8,1.95,X
2022-08-31,Man City,Nott'm Forest,1.06,13.0,29.0,1
2022-08-31,Bournemouth,Wolves,3.5,3.3,2.15,X
2022-08-31,Arsenal,Aston Villa,1.45,4.5,6.0,1
2022-09-01,Leicester,Man United,3.4,3.75,2.05,2
2022-09-03,Tottenham,Fulham,1.5,4.5,6.5,1
2022-09-03,Wolves,Southampton,2.2,3.4,3.25,1
2022-09-03,Aston Villa,Man City,8.0,5.5,1.33,X
2022-09-03,Nott'm Forest,Bournemouth,1.95,3.5,3.8,2
2022-09-03,Everton,Liverpool,7.0,4.75,1.4,X
2022-09-03,Chelsea,West Ham,1.55,4.5,5.5,1
2022-09-03,Brentford,Leeds,2.1,3.5,3.4,1
2022-09-03,Newcastle,Crystal Palace,2.0,3.5,3.75,X
2022-09-04,Man United,Arsenal,2.5,3.5,2.7,1
2022-09-04,Brighton,Leicester,1.83,3.5,4.5,1
2022-09-16,Aston Villa,Southampton,2.1,3.5,3.5,1
2022-09-16,Nott'm Forest,Fulham,2.75,3.3,2.62,2
2022-09-17,Wolves,Man City,9.5,5.0,1.33,2
2022-09-17,Newcastle,Bournemouth,1.44,4.4,7.5,X
2022-09-17,Tottenham,Leicester,1.45,4.5,7.0,1
2022-09-18,Brentford,Arsenal,4.2,3.8,1.8,2
2022-09-18,Everton,West Ham,2.9,3.25,2.5,1
2022-10-01,Crystal Palace,Chelsea,4.2,3.6,1.85,2
2022-10-01,Fulham,Newcastle,3.0,3.4,2.37,2
2022-10-01,Liverpool,Brighton,1.33,5.25,8.5,X
2022-10-01,Arsenal,Tottenham,2.05,3.75,3.3,1
2022-10-01,West Ham,Wolves,1.95,3.5,4.2,1
2022-10-01,Bournemouth,Brentford,3.3,3.4,2.2,X
2022-10-01,Southampton,Everton,2.15,3.4,3.4,2
2022-10-02,Leeds,Aston Villa,2.35,3.4,3.0,X
2022-10-02,Man City,Man United,1.33,5.75,7.5,1
2022-10-03,Leicester,Nott'm Forest,1.75,4.0,4.33,1
2022-10-08,Chelsea,Wolves,1.4,4.5,8.0,1
2022-10-08,Man City,Southampton,1.11,10.0,17.0,1
2022-10-08,Newcastle,Brentford,1.83,3.8,4.2,1
2022-10-08,Brighton,Tottenham,2.8,3.4,2.5,2
2022-10-08,Bournemouth,Leicester,3.6,3.4,2.05,1
2022-10-09,Everton,Man United,3.6,3.5,2.05,2
2022-10-09,Arsenal,Liverpool,2.5,3.6,2.62,1
2022-10-09,Crystal Palace,Leeds,2.05,3.5,3.6,1
2022-10-09,West Ham,Fulham,1.72,3.8,4.75,1
2022-10-10,Nott'm Forest,Aston Villa,3.3,3.4,2.2,X
2022-10-14,Brentford,Brighton,3.1,3.4,2.3,1
2022-10-15,Fulham,Bournemouth,1.85,3.75,4.0,X
2022-10-15,Wolves,Nott'm Forest,1.7,3.75,5.0,1
2022-10-15,Tottenham,Everton,1.5,4.5,6.5,1
2022-10-15,Leicester,Crystal Palace,2.3,3.4,3.1,X
2022-10-16,Aston Villa,Chelsea,4.33,3.75,1.8,2
2022-10-16,Leeds,Arsenal,6.0,4.2,1.55,2
2022-10-16,Man United,Newcastle,1.95,3.8,3.5,X
2022-10-16,Southampton,West Ham,2.9,3.4,2.4,X
2022-10-16,Liverpool,Man City,3.6,4.0,1.9,1
2022-10-18,Brighton,Nott'm Forest,1.4,4.75,7.0,X
2022-10-18,Crystal Palace,Wolves,2.25,3.1,3.4,1
2022-10-19,Bournemouth,Southampton,2.62,3.3,2.62,2
2022-10-19,Brentford,Chelsea,4.75,3.8,1.72,X
2022-10-19,Liverpool,West Ham,1.4,5.0,7.0,1
2022-10-19,Newcastle,Everton,1.6,3.8,5.75,1
2022-10-19,Man United,Tottenham,2.45,3.5,2.75,1
2022-10-20,Fulham,Aston Villa,2.9,3.3,2.5,1
2022-10-20,Leicester,Leeds,2.25,3.6,3.0,1
2022-10-22,Man City,Brighton,1.2,7.0,13.0,1
2022-10-22,Everton,Crystal Palace,2.6,3.2,2.87,1
2022-10-22,Nott'm Forest,Liverpool,11.0,6.0,1.25,1
2022-10-22,Chelsea,Man United,2.05,3.5,3.5,X
2022-10-23,Southampton,Arsenal,6.0,4.0,1.57,X
2022-10-23,Tottenham,Newcastle,2.05,3.5,3.5,2
2022-10-23,Wolves,Leicester,2.25,3.25,3.25,2
2022-10-23,Aston Villa,Brentford,2.1,3.5,3.5,1
2022-10-23,Leeds,Fulham,2.05,3.5,3.6,2
2022-10-24,West Ham,Bournemouth,1.55,4.0,6.0,1
2022-10-29,Brighton,Chelsea,3.0,3.3,2.4,1
2022-10-29,Bournemouth,Tottenham,5.0,3.8,1.7,2
2022-10-29,Brentford,Wolves,2.2,3.4,3.3,X
2022-10-29,Fulham,Everton,2.37,3.4,3.0,X
2022-10-29,Crystal Palace,Southampton,1.9,3.6,4.0,1
2022-10-29,Liverpool,Leeds,1.3,6.0,9.0,2
2022-10-29,Newcastle,Aston Villa,1.8,3.75,4.5,1
2022-10-29,Leicester,Man City,10.0,6.5,1.25,2
2022-10-30,Arsenal,Nott'm Forest,1.2,7.0,12.0,1
2022-10-30,Man United,West Ham,1.66,4.0,4.8,1
2022-11-05,Leeds,Bournemouth,1.72,3.8,4.75,1
2022-11-05,Man City,Fulham,1.11,9.5,19.0,1
2022-11-05,Nott'm Forest,Brentford,2.75,3.3,2.6,X
2022-11-05,Wolves,Brighton,3.3,3.3,2.25,2
2022-11-05,Everton,Leicester,2.4,3.3,3.0,2
2022-11-06,Tottenham,Liverpool,3.3,3.6,2.1,2
2022-11-06,Aston Villa,Man United,3.3,3.8,2.1,1
2022-11-06,Chelsea,Arsenal,2.55,3.4,2.7,2
2022-11-06,West Ham,Crystal Palace,1.9,3.4,4.2,2
2022-11-06,Southampton,Newcastle,4.0,3.6,1.9,2
2022-11-12,Bournemouth,Everton,2.8,3.25,2.6,1
2022-11-12,Man City,Brentford,1.14,8.0,17.0,2
2022-11-12,Nott'm Forest,Crystal Palace,3.1,3.1,2.45,1
2022-11-12,West Ham,Leicester,2.05,3.4,3.75,2
2022-11-12,Wolves,Arsenal,6.0,4.2,1.55,2
2022-11-12,Liverpool,Southampton,1.25,6.5,11.0,1
2022-11-12,Tottenham,Leeds,1.65,4.2,4.75,1
2022-11-12,Newcastle,Chelsea,2.35,3.4,3.0,1
2022-11-13,Brighton,Aston Villa,1.83,3.75,4.2,2
2022-11-13,Fulham,Man United,3.8,3.8,1.9,2
2022-12-26,Brentford,Tottenham,4.0,3.6,1.91,X
2022-12-26,Crystal Palace,Fulham,2.05,3.6,3.5,2
2022-12-26,Everton,Wolves,2.3,3.25,3.2,2
2022-12-26,Leicester,Newcastle,3.25,3.5,2.2,2
2022-12-26,Southampton,Brighton,3.3,3.5,2.15,2
2022-12-26,Aston Villa,Liverpool,4.75,4.0,1.7,2
2022-12-26,Arsenal,West Ham,1.5,4.33,6.5,1
2022-12-27,Man United,Nott'm Forest,1.29,5.5,11.0,1
2022-12-27,Chelsea,Bournemouth,1.3,5.5,10.0,1
2022-12-28,Leeds,Man City,9.5,6.0,1.29,2
2022-12-30,West Ham,Brentford,2.0,3.6,3.6,2
2022-12-30,Liverpool,Leicester,1.29,6.0,9.5,1
2022-12-31,Brighton,Arsenal,3.4,3.5,2.1,2
2022-12-31,Wolves,Man United,4.0,3.6,1.91,2
2022-12-31,Bournemouth,Crystal Palace,2.8,3.3,2.5,2
2022-12-31,Fulham,Southampton,1.95,3.6,3.75,1
2022-12-31,Man City,Everton,1.13,9.0,19.0,X
2022-12-31,Newcastle,Leeds,1.45,4.5,7.0,X
2023-01-01,Nott'm Forest,Chelsea,5.0,3.8,1.7,X
2023-01-01,Tottenham,Aston Villa,1.67,4.0,5.0,2
2023-01-02,Brentford,Liverpool,5.5,4.33,1.55,1
2023-01-03,Arsenal,Newcastle,1.8,3.8,4.33,X
2023-01-03,Everton,Brighton,3.5,3.5,2.1,2
2023-01-03,Leicester,Fulham,2.2,3.6,3.1,2
2023-01-03,Man United,Bournemouth,1.29,5.5,11.0,1
2023-01-04,Southampton,Nott'm Forest,2.0,3.5,3.8,2
2023-01-04,Leeds,West Ham,2.6,3.5,2.6,X
2023-01-04,Aston Villa,Wolves,1.95,3.6,4.0,X
2023-01-04,Crystal Palace,Tottenham,3.4,3.5,2.15,2
2023-01-05,Chelsea,Man City,5.0,4.0,1.67,2
2023-01-12,Fulham,Chelsea,3.3,3.5,2.15,1
2023-01-13,Aston Villa,Leeds,1.91,3.6,4.0,1
2023-01-14,Brighton,Liverpool,3.4,3.6,2.1,1
2023-01-14,Everton,Southampton,2.25,3.25,3.3,2
2023-01-14,Nott'm Forest,Leicester,2.7,3.3,2.63,1
2023-01-14,Wolves,West Ham,2.63,3.3,2.7,1
2023-01-14,Brentford,Bournemouth,1.65,4.0,5.25,1
2023-01-14,Man United,Man City,4.2,3.6,1.85,1
2023-01-15,Chelsea,Crystal Palace,1.62,4.0,5.25,1
2023-01-15,Newcastle,Fulham,1.5,4.33,6.5,1
2023-01-15,Tottenham,Arsenal,3.1,3.6,2.2,2
2023-01-18,Crystal Palace,Man United,4.5,3.6,1.8,X
2023-01-19,Man City,Tottenham,1.36,5.0,8.5,1
2023-01-21,West Ham,Everton,1.8,3.75,4.75,1
2023-01-21,Leicester,Brighton,3.6,3.5,2.05,X
2023-01-21,Bournemouth,Nott'm Forest,2.75,3.1,2.75,X
2023-01-21,Crystal Palace,Newcastle,4.4,3.5,1.85,X
2023-01-21,Southampton,Aston Villa,2.88,3.25,2.55,2
2023-01-21,Liverpool,Chelsea,1.85,3.75,4.0,X
2023-01-22,Leeds,Brentford,2.38,3.6,2.88,X
2023-01-22,Man City,Wolves,1.2,8.0,11.0,1
2023-01-22,Arsenal,Man United,1.8,3.8,4.2,1
2023-01-23,Fulham,Tottenham,3.3,3.6,2.1,2
2023-02-03,Chelsea,Fulham,1.62,4.0,5.25,X
2023-02-04,Brentford,Southampton,1.85,3.6,4.2,1
2023-02-04,Newcastle,West Ham,1.6,3.8,6.0,X
2023-02-04,Wolves,Liverpool,4.0,3.8,1.85,1
2023-02-04,Brighton,Bournemouth,1.33,5.25,8.5,1
2023-02-04,Man United,Crystal Palace,1.4,4.75,8.0,1
2023-02-04,Aston Villa,Leicester,1.95,3.6,3.8,2
2023-02-04,Everton,Arsenal,8.5,4.5,1.4,1
2023-02-05,Nott'm Forest,Leeds,2.63,3.3,2.7,1
2023-02-05,Tottenham,Man City,4.33,4.2,1.73,1
2023-02-08,Man United,Leeds,1.45,5.0,6.0,X
2023-02-11,Southampton,Wolves,2.9,3.2,2.55,2
2023-02-11,West Ham,Chelsea,3.3,3.3,2.25,X
2023-02-11,Arsenal,Brentford,1.44,4.75,7.0,X
2023-02-11,Crystal Palace,Brighton,3.8,3.5,2.0,X
2023-02-11,Fulham,Nott'm Forest,1.91,3.5,4.33,1
2023-02-11,Leicester,Tottenham,3.4,3.6,2.1,1
2023-02-11,Bournemouth,Newcastle,6.5,4.0,1.53,X
2023-02-12,Man City,Aston Villa,1.25,6.5,11.0,1
2023-02-12,Leeds,Man United,3.75,3.8,1.91,2
2023-02-13,Liverpool,Everton,1.5,4.33,6.5,1
2023-02-15,Arsenal,Man City,2.9,3.5,2.35,2
2023-02-18,Wolves,Bournemouth,1.67,3.6,6.0,2
2023-02-18,Newcastle,Liverpool,2.5,3.5,2.7,2
2023-02-18,Everton,Leeds,2.4,3.3,3.0,1
2023-02-18,Nott'm Forest,Man City,8.5,5.5,1.3,X
2023-02-18,Brighton,Fulham,1.65,3.8,5.5,2
2023-02-18,Aston Villa,Arsenal,4.5,3.6,1.5,2
2023-02-18,Chelsea,Southampton,1.4,4.75,8.5,2
2023-02-18,Brentford,Crystal Palace,1.83,3.5,4.5,X
2023-02-19,Man United,Leicester,1.62,4.33,5.25,1
2023-02-19,Tottenham,West Ham,1.75,3.6,4.75,1
2023-02-24,Fulham,Wolves,2.5,3.2,3.0,X
2023-02-25,Everton,Aston Villa,2.5,3.2,3.0,2
2023-02-25,Leeds,Southampton,1.95,3.5,4.0,1
2023-02-25,Leicester,Arsenal,4.75,4.0,1.7,2
2023-02-25,West Ham,Nott'm Forest,1.75,3.6,5.0,1
2023-02-25,Bournemouth,Man City,10.0,5.75,1.29,2
2023-02-25,Crystal Palace,Liverpool,4.75,3.8,1.73,X
2023-02-26,Tottenham,Chelsea,2.55,3.25,2.9,1
2023-03-01,Liverpool,Wolves,1.5,4.75,6.0,1
2023-03-01,Arsenal,Everton,1.36,4.75,10.0,1
2023-03-04,Wolves,Tottenham,3.3,3.4,2.2,1
2023-03-04,Southampton,Leicester,2.75,3.3,2.6,1
2023-03-04,Chelsea,Leeds,1.62,4.0,5.5,1
2023-03-04,Man City,Newcastle,1.45,4.5,7.0,1
2023-03-04,Aston Villa,Crystal Palace,2.05,3.3,3.8,1
2023-03-04,Arsenal,Bournemouth,1.22,7.0,12.0,1
2023-03-04,Brighton,West Ham,1.8,3.6,4.5,1
2023-03-05,Nott'm Forest,Everton,2.7,3.0,2.88,X
2023-03-05,Liverpool,Man United,2.38,3.6,2.88,1
2023-03-06,Brentford,Fulham,1.95,3.6,3.75,1
2023-03-11,Crystal Palace,Man City,9.0,4.75,1.36,2
2023-03-11,Leicester,Chelsea,3.75,3.5,1.95,2
2023-03-11,Tottenham,Nott'm Forest,1.44,4.75,7.0,1
2023-03-11,Everton,Brentford,2.7,3.25,2.7,1
2023-03-11,Bournemouth,Liverpool,7.5,5.0,1.4,1
2023-03-11,Leeds,Brighton,3.75,3.6,1.95,X
2023-03-12,Fulham,Arsenal,6.0,4.0,1.57,2
2023-03-12,Man United,Southampton,1.36,5.0,9.0,X
2023-03-12,West Ham,Aston Villa,2.2,3.3,3.4,X
2023-03-12,Newcastle,Wolves,1.65,3.75,5.5,1
2023-03-15,Brighton,Crystal Palace,1.44,4.2,8.0,1
2023-03-15,Southampton,Brentford,2.88,3.25,2.5,2
2023-03-17,Nott'm Forest,Newcastle,5.5,3.8,1.62,2
2023-03-18,Brentford,Leicester,1.91,3.6,3.75,X
2023-03-18,Wolves,Leeds,2.25,3.2,3.3,2
2023-03-18,Southampton,Tottenham,4.75,3.6,1.75,X
2023-03-18,Aston Villa,Bournemouth,1.7,3.8,5.0,1
2023-03-18,Chelsea,Everton,1.5,4.2,7.5,X
2023-03-19,Arsenal,Crystal Palace,1.25,5.5,15.0,1
2023-04-01,Man City,Liverpool,1.62,4.2,5.0,1
2023-04-01,Arsenal,Leeds,1.29,6.0,9.0,1
2023-04-01,Bournemouth,Fulham,2.55,3.3,2.8,1
2023-04-01,Brighton,Brentford,1.67,4.0,5.0,X
2023-04-01,Crystal Palace,Leicester,2.5,3.25,2.9,1
2023-04-01,Nott'm Forest,Wolves,3.0,3.1,2.55,X
2023-04-01,Chelsea,Aston Villa,1.67,3.8,5.25,2
2023-04-02,West Ham,Southampton,1.73,3.6,5.0,1
2023-04-02,Newcastle,Man United,2.4,3.4,2.9,1
2023-04-03,Everton,Tottenham,3.4,3.3,2.2,X
2023-04-04,Bournemouth,Brighton,6.0,4.2,1.53,2
2023-04-04,Leeds,Nott'm Forest,1.7,3.75,5.0,1
2023-04-04,Leicester,Aston Villa,2.55,3.3,2.75,2
2023-04-04,Chelsea,Liverpool,2.2,3.4,3.25,X
2023-04-05,Man United,Brentford,1.65,4.0,5.0,1
2023-04-05,West Ham,Newcastle,3.6,3.25,2.15,2
2023-04-08,Aston Villa,Nott'm Forest,1.6,4.2,5.25,1
2023-04-08,Brentford,Newcastle,3.6,3.4,2.05,2
2023-04-08,Fulham,West Ham,2.8,3.25,2.63,2
2023-04-08,Leicester,Bournemouth,1.83,3.75,4.2,2
2023-04-08,Wolves,Chelsea,4.2,3.5,1.91,1
2023-04-08,Tottenham,Brighton,2.55,3.5,2.7,1
2023-04-08,Man United,Everton,1.5,4.33,6.5,1
2023-04-08,Southampton,Man City,11.0,6.0,1.25,2
2023-04-09,Leeds,Crystal Palace,2.1,3.4,3.6,2
2023-04-09,Liverpool,Arsenal,2.88,3.6,2.38,X
2023-04-15,Man City,Leicester,1.14,8.5,15.0,1
2023-04-15,Tottenham,Bournemouth,1.45,4.5,7.0,2
2023-04-15,Southampton,Crystal Palace,2.8,3.1,2.7,2
2023-04-15,Wolves,Brentford,2.45,3.1,3.0,1
2023-04-15,Chelsea,Brighton,2.63,3.4,2.63,2
2023-04-15,Aston Villa,Newcastle,3.6,3.4,2.05,1
2023-04-15,Everton,Fulham,2.05,3.4,3.7,2
2023-04-16,West Ham,Arsenal,6.0,4.2,1.55,X
2023-04-16,Nott'm Forest,Man United,5.5,4.0,1.62,2
2023-04-17,Leeds,Liverpool,4.2,4.2,1.73,2
2023-04-21,Arsenal,Southampton,1.2,7.0,13.0,X
2023-04-22,Liverpool,Nott'm Forest,1.17,7.5,17.0,1
2023-04-22,Fulham,Leeds,2.3,3.4,3.1,1
2023-04-22,Brentford,Aston Villa,2.5,3.25,2.88,X
2023-04-22,Crystal Palace,Everton,2.05,3.2,3.75,X
2023-04-22,Leicester,Wolves,2.38,3.3,3.0,1
2023-04-23,Bournemouth,West Ham,2.88,3.2,2.55,2
2023-04-23,Newcastle,Tottenham,1.83,3.75,4.2,1
2023-04-25,Wolves,Crystal Palace,2.45,3.2,3.0,1
2023-04-25,Aston Villa,Fulham,1.75,4.0,4.2,1
2023-04-25,Leeds,Leicester,2.3,3.5,3.0,X
2023-04-26,West Ham,Liverpool,3.9,3.9,1.85,2
2023-04-26,Chelsea,Brentford,1.7,4.0,4.75,2
2023-04-26,Man City,Arsenal,1.55,4.5,5.25,1
2023-04-26,Nott'm Forest,Brighton,6.0,4.2,1.53,1
2023-04-27,Everton,Newcastle,4.75,3.6,1.73,2
2023-04-27,Tottenham,Man United,2.8,3.6,2.4,X
2023-04-27,Southampton,Bournemouth,2.25,3.4,3.2,2
2023-04-29,Crystal Palace,West Ham,2.63,3.25,2.75,1
2023-04-29,Brentford,Nott'm Forest,1.65,3.8,5.5,1
2023-04-29,Brighton,Wolves,1.5,4.33,6.5,1
2023-04-30,Bournemouth,Leeds,2.55,3.5,2.7,1
2023-04-30,Fulham,Man City,12.0,6.0,1.25,2
2023-04-30,Man United,Aston Villa,1.73,3.9,4.6,1
2023-04-30,Newcastle,Southampton,1.3,5.25,10.0,1
2023-04-30,Liverpool,Tottenham,1.53,4.5,5.75,1
2023-05-01,Leicester,Everton,2.0,3.5,3.75,X
2023-05-02,Arsenal,Chelsea,1.6,4.0,5.5,1
2023-05-03,Man City,West Ham,1.2,7.0,13.0,1
2023-05-03,Liverpool,Fulham,1.25,5.75,11.0,1
2023-05-04,Brighton,Man United,1.95,3.5,3.75,1
2023-05-06,Liverpool,Brentford,1.44,5.0,6.0,1
2023-05-06,Wolves,Aston Villa,2.88,3.3,2.5,1
2023-05-06,Tottenham,Crystal Palace,1.8,3.8,4.2,1
2023-05-06,Man City,Leeds,1.17,8.5,15.0,1
2023-05-06,Bournemouth,Chelsea,3.3,3.5,2.15,2
2023-05-07,West Ham,Man United,3.4,3.75,2.05,1
2023-05-07,Newcastle,Arsenal,2.45,3.75,2.63,2
2023-05-08,Nott'm Forest,Southampton,2.1,3.6,3.4,1
2023-05-08,Brighton,Everton,1.33,5.25,9.0,2
2023-05-08,Fulham,Leicester,2.63,3.5,2.6,1
2023-05-13,Man United,Wolves,1.36,5.0,7.5,1
2023-05-13,Leeds,Newcastle,4.33,4.2,1.7,X
2023-05-13,Aston Villa,Tottenham,2.25,3.6,2.9,1
2023-05-13,Chelsea,Nott'm Forest,1.5,4.5,6.0,X
2023-05-13,Crystal Palace,Bournemouth,1.83,3.6,4.2,1
2023-05-13,Southampton,Fulham,2.75,3.3,2.5,2
2023-05-14,Brentford,West Ham,2.0,3.5,3.6,1
2023-05-14,Everton,Man City,9.0,4.75,1.36,2
2023-05-14,Arsenal,Brighton,1.73,4.2,4.2,2
2023-05-15,Leicester,Liverpool,5.25,4.33,1.57,2
2023-05-18,Newcastle,Brighton,2.0,3.8,3.5,1
2023-05-20,Tottenham,Brentford,1.83,3.9,4.0,2
2023-05-20,Bournemouth,Man United,6.0,4.75,1.5,2
2023-05-20,Fulham,Crystal Palace,2.45,3.4,2.9,X
2023-05-20,Liverpool,Aston Villa,1.45,5.0,6.25,X
2023-05-20,Wolves,Everton,2.75,3.3,2.6,X
2023-05-20,Nott'm Forest,Arsenal,5.25,4.33,1.57,1
2023-05-21,West Ham,Leeds,2.4,3.5,2.88,1
2023-05-21,Brighton,Southampton,1.22,7.0,11.0,1
2023-05-21,Man City,Chelsea,1.25,6.0,11.0,1
2023-05-22,Newcastle,Leicester,1.36,5.5,7.0,X
2023-05-24,Brighton,Man City,4.0,4.33,1.75,X
2023-05-25,Man United,Chelsea,1.6,4.33,5.0,1
2023-05-28,Brentford,Man City,3.8,4.0,1.83,1
2023-05-28,Man United,Fulham,1.5,4.33,6.0,1
2023-05-28,Aston Villa,Brighton,2.0,3.6,3.5,1
2023-05-28,Crystal Palace,Nott'm Forest,1.67,4.0,5.0,X
2023-05-28,Southampton,Liverpool,6.5,4.75,1.44,X
2023-05-28,Leeds,Tottenham,2.75,3.8,2.3,2
2023-05-28,Leicester,West Ham,1.91,3.8,3.6,1
2023-05-28,Chelsea,Newcastle,2.9,3.5,2.38,X
2023-05-28,Everton,Bournemouth,1.5,4.5,6.5,1
2023-05-28,Arsenal,Wolves,1.36,5.25,8.0,1
